day,trades,filled,pnl_bps,mean_bps
20260717,9,7,35.74943953476712,3.972159948307458
20260720,40,24,146.15199348713958,3.6537998371784894
20260721,3,2,6.198247075765398,2.066082358588466
20260722,2,1,-16.51641668788258,-8.25820834394129
20260723,4,2,-11.156935127818699,-2.7892337819546746
20260724,1,1,-1.0335584744708053,-1.0335584744708053
20260727,1,0,0.0,0.0
20260728,9,8,9.310687172197634,1.034520796910848
20260729,32,22,52.53335796781646,1.6416674364942643
20260730,64,48,199.18301316109284,3.1122345806420757
20260731,42,28,-91.97436258907044,-2.1898657759302487
20260803,26,17,63.339653426401114,2.4361405164000427
20260804,34,26,30.25354058999723,0.8898100173528597
20260806,2,2,-2.484685373263429,-1.2423426866317144
20260807,2,1,-5.3037498594083905,-2.6518749297041952
20260810,11,8,61.57881881265443,5.59807443751404
20260811,5,5,28.873107174333,5.7746214348666
20260812,3,1,-0.1364392167199323,-0.045479738906644106
