day,buy_trades,sell_trades,long_pnl,short_pnl,total_pnl
20260717,9,0,67.78431632675316,0.0,67.78431632675316
20260720,29,10,39.639446386513534,6.878213364220883,46.51765975073442
20260721,2,9,0.2697679831697162,-39.75002809470002,-39.480260111530306
20260722,2,1,-26.837296295469528,-4.337683884526047,-31.174980179995572
20260723,1,0,-4.788284444641452,0.0,-4.788284444641452
20260724,0,1,0.0,-12.079904397921105,-12.079904397921105
20260727,0,2,0.0,21.139715048735003,21.139715048735003
20260728,12,2,-15.34171968496045,-5.665201528547854,-21.006921213508303
20260729,19,120,-114.87089972520036,215.43391401105063,100.56301428585027
20260730,44,7,162.3720655655009,-1.2968916164439594,161.0751739490569
20260731,19,10,-44.70318811349484,-47.42512946143605,-92.12831757493089
20260803,14,5,44.49988883640989,-44.49399218125087,0.005896655159013331
20260804,15,1,28.62313585785336,-6.139779670431403,22.483356187421958
20260805,0,0,0.0,0.0,0.0
20260806,0,0,0.0,0.0,0.0
20260807,2,0,-19.425004655165555,0.0,-19.425004655165555
20260810,8,0,42.1341351884495,0.0,42.1341351884495
20260811,4,1,21.680695310377757,12.113774868352204,33.79447017872996
20260812,1,0,-0.1364392167199323,0.0,-0.1364392167199323
